-- phpMyAdmin SQL Dump
-- version 4.0.10deb1
-- http://www.phpmyadmin.net
--
-- Host: localhost
-- Generation Time: Jul 31, 2015 at 04:26 PM
-- Server version: 5.5.43-0ubuntu0.14.04.1
-- PHP Version: 5.5.9-1ubuntu4.11

SET SQL_MODE = "NO_AUTO_VALUE_ON_ZERO";
SET time_zone = "+00:00";


/*!40101 SET @OLD_CHARACTER_SET_CLIENT=@@CHARACTER_SET_CLIENT */;
/*!40101 SET @OLD_CHARACTER_SET_RESULTS=@@CHARACTER_SET_RESULTS */;
/*!40101 SET @OLD_COLLATION_CONNECTION=@@COLLATION_CONNECTION */;
/*!40101 SET NAMES utf8 */;

--
-- Database: `teaching`
--

-- --------------------------------------------------------

--
-- Table structure for table `all_classes`
--

CREATE TABLE IF NOT EXISTS `all_classes` (
  `id` int(10) unsigned DEFAULT NULL,
  `classname` varchar(30) NOT NULL
) ENGINE=InnoDB DEFAULT CHARSET=latin1;

--
-- Dumping data for table `all_classes`
--

INSERT INTO `all_classes` (`id`, `classname`) VALUES
(5, 'Class-X'),
(6, 'Class XI'),
(7, 'Class XII'),
(8, 'IIT Mains'),
(9, 'IIT Advance');

-- --------------------------------------------------------

--
-- Table structure for table `all_cst`
--

CREATE TABLE IF NOT EXISTS `all_cst` (
  `c_id` int(10) unsigned DEFAULT NULL,
  `s_id` int(10) unsigned DEFAULT NULL,
  `t_id` int(10) unsigned DEFAULT NULL
) ENGINE=InnoDB DEFAULT CHARSET=latin1;

--
-- Dumping data for table `all_cst`
--

INSERT INTO `all_cst` (`c_id`, `s_id`, `t_id`) VALUES
(5, 22, 242),
(5, 22, 243),
(5, 22, 244),
(5, 22, 245),
(5, 22, 246),
(5, 22, 247),
(5, 22, 248),
(5, 22, 249),
(5, 22, 250),
(5, 22, 251),
(5, 22, 252),
(5, 22, 253),
(5, 22, 254),
(5, 22, 255),
(5, 22, 256),
(5, 22, 257),
(5, 25, 270),
(5, 25, 271),
(5, 25, 272),
(5, 25, 273),
(5, 25, 274),
(5, 25, 275),
(5, 25, 276),
(5, 25, 277),
(5, 25, 278),
(5, 25, 279),
(5, 25, 280),
(5, 25, 281),
(5, 25, 282),
(5, 25, 283),
(5, 25, 284),
(6, 36, 409),
(6, 36, 410),
(6, 36, 411),
(6, 36, 412),
(6, 36, 413),
(6, 36, 414),
(6, 36, 415),
(6, 36, 416),
(6, 36, 417),
(6, 36, 418),
(6, 36, 419),
(6, 36, 420),
(6, 36, 421),
(6, 36, 422),
(6, 36, 423),
(6, 36, 424),
(6, 37, 425),
(6, 37, 426),
(6, 37, 427),
(6, 37, 428),
(6, 37, 429),
(6, 37, 430),
(6, 37, 431),
(6, 37, 432),
(6, 37, 433),
(6, 37, 434),
(6, 37, 435),
(6, 37, 436),
(6, 37, 437),
(6, 37, 438),
(6, 38, 439),
(6, 38, 440),
(6, 38, 441),
(6, 38, 442),
(6, 38, 443),
(6, 38, 444),
(6, 38, 445),
(6, 38, 446),
(6, 38, 447),
(6, 38, 448),
(6, 38, 449),
(6, 38, 450),
(6, 38, 451),
(6, 38, 452),
(6, 38, 453),
(7, 48, 573),
(7, 48, 574),
(7, 48, 575),
(7, 48, 576),
(7, 48, 577),
(7, 48, 578),
(7, 48, 579),
(7, 48, 580),
(7, 48, 581),
(7, 48, 582),
(7, 48, 583),
(7, 48, 584),
(7, 48, 585),
(7, 49, 586),
(7, 49, 587),
(7, 49, 588),
(7, 49, 589),
(7, 49, 590),
(7, 49, 591),
(7, 49, 592),
(7, 49, 593),
(7, 49, 594),
(7, 49, 595),
(7, 49, 596),
(7, 49, 597),
(7, 49, 598),
(7, 49, 599),
(7, 49, 600),
(7, 49, 601),
(7, 50, 602),
(7, 50, 603),
(7, 50, 604),
(7, 50, 605),
(7, 50, 606),
(7, 50, 607),
(7, 50, 608),
(7, 50, 609),
(7, 50, 610),
(7, 50, 611),
(7, 50, 612),
(7, 50, 613),
(7, 50, 614),
(7, 50, 615),
(7, 50, 616),
(8, 52, 628),
(8, 52, 629),
(8, 52, 630),
(8, 52, 631),
(8, 52, 632),
(8, 52, 633),
(8, 52, 634),
(8, 52, 635),
(8, 52, 636),
(8, 52, 637),
(8, 52, 638),
(8, 52, 639),
(8, 52, 640),
(8, 52, 641),
(8, 52, 642),
(8, 52, 643),
(8, 52, 644),
(8, 52, 645),
(8, 53, 646),
(8, 53, 647),
(8, 53, 648),
(8, 53, 649),
(8, 53, 650),
(8, 53, 651),
(8, 53, 652),
(8, 53, 653),
(8, 53, 654),
(8, 53, 655),
(8, 53, 656),
(8, 53, 657),
(8, 53, 658),
(8, 53, 659),
(8, 53, 660),
(8, 53, 661),
(8, 53, 662),
(8, 53, 663),
(8, 53, 664),
(8, 53, 665),
(8, 53, 666),
(8, 53, 667),
(8, 53, 668),
(8, 53, 669),
(8, 53, 670),
(8, 53, 671),
(8, 53, 672),
(8, 53, 673),
(8, 53, 674),
(8, 53, 675),
(8, 53, 676),
(8, 53, 677),
(8, 53, 678),
(8, 53, 679),
(8, 53, 680),
(8, 54, 681),
(8, 54, 682),
(8, 54, 683),
(8, 54, 684),
(8, 54, 685),
(8, 54, 686),
(8, 54, 687),
(8, 54, 688),
(8, 54, 689),
(8, 54, 690),
(8, 54, 691),
(8, 54, 692),
(8, 54, 693),
(8, 54, 694),
(8, 54, 695),
(8, 54, 696),
(8, 54, 697),
(8, 54, 698),
(8, 54, 699),
(8, 54, 700),
(8, 54, 701),
(8, 54, 702),
(9, 55, 703),
(9, 55, 704),
(9, 55, 705),
(9, 55, 706),
(9, 55, 707),
(9, 55, 708),
(9, 55, 709),
(9, 55, 710),
(9, 55, 711),
(9, 55, 712),
(9, 55, 713),
(9, 55, 714),
(9, 55, 715),
(9, 55, 716),
(9, 55, 717),
(9, 56, 718),
(9, 56, 719),
(9, 56, 720),
(9, 56, 721),
(9, 56, 722),
(9, 56, 723),
(9, 56, 724),
(9, 56, 725),
(9, 56, 726),
(9, 56, 727),
(9, 56, 728),
(9, 56, 729),
(9, 56, 730),
(9, 56, 731),
(9, 56, 732),
(9, 56, 733),
(9, 56, 734),
(9, 56, 735),
(9, 56, 736),
(9, 56, 737),
(9, 56, 738),
(9, 56, 739),
(9, 56, 740),
(9, 56, 741),
(9, 56, 742),
(9, 56, 743),
(9, 56, 744),
(9, 56, 745),
(9, 56, 746),
(9, 56, 747),
(9, 56, 748),
(9, 56, 749),
(9, 56, 750),
(9, 57, 751),
(9, 57, 752),
(9, 57, 753),
(9, 57, 754),
(9, 57, 755),
(9, 57, 756),
(9, 57, 757),
(9, 57, 758),
(9, 57, 759),
(9, 57, 760),
(9, 57, 761),
(9, 57, 762),
(9, 57, 763),
(9, 57, 764),
(9, 57, 765),
(9, 57, 766),
(9, 57, 767),
(9, 57, 768),
(9, 57, 769),
(9, 57, 770);

-- --------------------------------------------------------

--
-- Table structure for table `all_subjects`
--

CREATE TABLE IF NOT EXISTS `all_subjects` (
  `id` int(10) unsigned DEFAULT NULL,
  `subjectname` varchar(30) NOT NULL
) ENGINE=InnoDB DEFAULT CHARSET=latin1;

--
-- Dumping data for table `all_subjects`
--

INSERT INTO `all_subjects` (`id`, `subjectname`) VALUES
(22, 'Science'),
(23, 'Economics'),
(24, 'Civics'),
(25, 'Mathematics'),
(26, 'Geography'),
(27, 'History'),
(36, 'Mathematics'),
(37, 'Chemistry'),
(38, 'Physics'),
(48, 'Mathematics'),
(49, 'Chemistry'),
(50, 'Physics'),
(52, 'Mathematics'),
(53, 'Chemistry'),
(54, 'Physics'),
(55, 'Mathematics'),
(56, 'Chemistry'),
(57, 'Physics');

-- --------------------------------------------------------

--
-- Table structure for table `all_topics`
--

CREATE TABLE IF NOT EXISTS `all_topics` (
  `id` int(10) unsigned DEFAULT NULL,
  `topicname` varchar(30) NOT NULL
) ENGINE=InnoDB DEFAULT CHARSET=latin1;

--
-- Dumping data for table `all_topics`
--

INSERT INTO `all_topics` (`id`, `topicname`) VALUES
(242, 'Chemical Reactions and Equatio'),
(243, 'Acids, Bases and Salts'),
(244, 'Metals and Non-metals'),
(245, 'Carbon and its Compounds'),
(246, 'Periodic Classification of Ele'),
(247, 'Life Processes'),
(248, 'Control and Coordination'),
(249, 'How do Organisms Reproduce?'),
(250, 'Heredity and Evolution'),
(251, 'Light - Reflection and Refract'),
(252, 'Human Eye and Colourful World'),
(253, 'Electricity'),
(254, 'Magnetic Effects of Electric C'),
(255, 'Sources of Energy'),
(256, 'Our Environment'),
(257, 'Management of Natural Resource'),
(258, 'Development'),
(259, 'Sectors of The Indian Economy'),
(260, 'Money And Credit'),
(261, 'Globalization And The Indian E'),
(262, 'Consumer Rights'),
(263, 'Power Sharing'),
(264, 'Federalism'),
(265, 'Gender, Religion and Caste'),
(266, 'Popular Struggles And Movement'),
(267, 'Political Parties'),
(268, 'Outcomes of Democracy'),
(269, 'Challenges To Democracy'),
(270, 'Real Numbers'),
(271, 'Polynomials'),
(272, 'Pair of Linear Equations in Tw'),
(273, 'Quadratic Equations'),
(274, 'Arithmetic Progressions'),
(275, 'Triangles'),
(276, 'Coordinate Geometry'),
(277, 'Introduction to Trigonometry'),
(278, 'Some Applications of Trigonome'),
(279, 'Circles'),
(280, 'Constructions'),
(281, 'Areas Related to Circles'),
(282, 'Surface Areas and Volumes'),
(283, 'Statistics'),
(284, 'Probability'),
(285, 'Resources and Development'),
(286, 'Forest and Wildlife Resources'),
(287, 'Water Resources'),
(288, 'Agriculture'),
(289, 'Minerals and Energy Resources'),
(290, 'Manufacturing Industries'),
(291, 'Life Lines of National Economy'),
(292, 'Disaster Management'),
(293, 'The Rise of Nationalism in Eur'),
(294, 'The Nationalist Movement in In'),
(295, 'Nationalism in India'),
(296, 'The Making of a Global World'),
(297, 'The Age of Industrialisation'),
(298, 'Work, Life and Leisure'),
(299, 'Print Culture and the Modern W'),
(300, 'Novels, Society and History'),
(409, 'Sets'),
(410, 'Relations and Functions'),
(411, 'Trigonometric Functions'),
(412, 'Principle of Mathematical Indu'),
(413, 'Complex Numbers and Quadratic '),
(414, 'Linear Inequalities'),
(415, 'Permutations and Combinations'),
(416, 'Binomial Theorem'),
(417, 'Sequences and Series'),
(418, 'Straight Lines'),
(419, 'Conic Sections'),
(420, 'Introduction to Three Dimensio'),
(421, 'Limits and Derivatives'),
(422, 'Mathematical Reasoning'),
(423, 'Statistics'),
(424, 'Probability'),
(425, 'Some Basic Concepts of Chemist'),
(426, 'Structure of Atom'),
(427, 'Classification of Elements and'),
(428, 'Chemical Bonding and Molecular'),
(429, 'States of Matter'),
(430, 'Thermodynamics'),
(431, 'Equilibrium'),
(432, 'Redox Reactions'),
(433, 'Hydrogen'),
(434, 'The s-block Elements'),
(435, 'The p-block Element'),
(436, 'Organic Chemistry - Some Basic'),
(437, 'Hydrocarbons'),
(438, 'Environmental Chemistry'),
(439, 'Physical World'),
(440, 'Units and Measurement'),
(441, 'Motion in a straight line'),
(442, 'Motion in a Plane'),
(443, 'Laws of Motion'),
(444, 'Work, Energy and Power'),
(445, 'System of Particles and Rotati'),
(446, 'Gravitation'),
(447, 'Mechanical Properties of Solid'),
(448, 'Mechanical Properties of Fluid'),
(449, 'Thermal Properties of Matter'),
(450, 'Thermodynamics'),
(451, 'Kinetic Theory'),
(452, 'Oscillations'),
(453, 'Waves'),
(573, 'Relations and Functions'),
(574, 'Inverse Trigonometric Function'),
(575, 'Matrices'),
(576, 'Determinants'),
(577, 'Continuity and Differentiabili'),
(578, 'Application of Derivatives'),
(579, 'Integrals'),
(580, 'Application of Integrals'),
(581, 'Differential Equations'),
(582, 'Vector Algebra'),
(583, 'Three Dimensional Geometry'),
(584, 'Linear Programming'),
(585, 'Probability'),
(586, 'The Solid State'),
(587, 'Solutions'),
(588, 'Electrochemistry'),
(589, 'Chemical Kinetics'),
(590, 'Surface Chemistry'),
(591, 'General Principles and Process'),
(592, 'The p - Block Elements'),
(593, 'The d and f Block Elements'),
(594, 'Coordination Compounds'),
(595, 'Haloalkanes and Haloarenes'),
(596, 'Alcohols, Phenols and Ethers'),
(597, 'Aldehydes, Ketones and Carboxy'),
(598, 'Amines'),
(599, 'Biomolecules'),
(600, 'Polymers'),
(601, 'Chemistry in Everyday Life'),
(602, 'Electric Charges and Fields'),
(603, 'Electrostatic Potential and Ca'),
(604, 'Current Electricity'),
(605, 'Moving Charges and Magnetism'),
(606, 'Magnetism and Matter'),
(607, 'Electromagnetic Induction'),
(608, 'Alternating Current'),
(609, 'Electromagnetic Waves'),
(610, 'Ray Optics and Optical Instrum'),
(611, 'Wave Optics'),
(612, 'Dual Nature of Radiation and M'),
(613, 'Atoms'),
(614, 'Nuclei'),
(615, 'Semiconductor Electronics'),
(616, 'Communication Systems'),
(628, 'Sets, Relation and Functions'),
(629, 'Complex Numbers and Quadratic '),
(630, 'Matrices and Deteerminants'),
(631, 'Permutations and Combinations'),
(632, 'Mathematical Induction'),
(633, 'Binomial Theorem and its Simpl'),
(634, 'Sequences and Series'),
(635, 'Limit, Continuity and Differen'),
(636, 'Integral Calculus'),
(637, 'Differential Equations'),
(638, 'Straight Lines'),
(639, 'Circles'),
(640, 'Conic Sections'),
(641, 'Three Dimensional Geometry'),
(642, 'Vector Algebra'),
(643, 'Statistics and Probability'),
(644, 'Trigonometry'),
(645, 'Mathematical Reasoning'),
(646, 'Physical Chemistry'),
(647, 'Some Basic concepts of Chemist'),
(648, 'States of Matter'),
(649, 'Atomic Structure'),
(650, 'Chemical Bonding '),
(651, 'Chemical Thermodynamics'),
(652, 'Solutions'),
(653, 'Chemical Equilibrium'),
(654, 'Ionic Equilibrium'),
(655, 'Solid State'),
(656, 'Electrochemistry'),
(657, 'Chemical Kinetics'),
(658, 'Surface Chemistry'),
(659, 'Inorganic Chemistry'),
(660, 'Classification of Elements and'),
(661, 'General Principles and Process'),
(662, 'Hydrogen'),
(663, 'S-Block Elements'),
(664, 'P-Block Elements'),
(665, 'd- and f- block Elements'),
(666, 'Co-ordination Compounds'),
(667, 'Environmental Chemistry'),
(668, 'Organic Chemistry'),
(669, 'Purification and Characterisat'),
(670, 'Some Basic Principles of Organ'),
(671, 'Hydrocarbons'),
(672, 'Organic Compound contaning Hal'),
(673, 'Alcohols, Phenol and Ethers'),
(674, 'Carbonyl Compounds'),
(675, 'Carboxylic Acids'),
(676, 'Organic compounds containing N'),
(677, 'Polymers'),
(678, 'Biomolecules'),
(679, 'Chemistry in Everyday Life'),
(680, 'Principles related to Practica'),
(681, 'Physics and Measurement'),
(682, 'Kinematics'),
(683, 'Laws of Motion'),
(684, 'Work, Energy and Power'),
(685, 'Rotational Motion'),
(686, 'Gravitation'),
(687, 'Properties of Solids and Liqui'),
(688, 'Thermodynamics'),
(689, 'Kinetic Theory of Gases'),
(690, 'Oscillation and Waves'),
(691, 'Electrostatics'),
(692, 'Current Electricity'),
(693, 'Magnetic Effects of Current an'),
(694, 'Electromagnetic Induction'),
(695, 'Alternating Currents'),
(696, 'Electromagnetic Waves'),
(697, 'Optics'),
(698, 'Dual Nature of Matter and Radi'),
(699, 'Atoms and Nuclei'),
(700, 'Electronic Devices'),
(701, 'Communication Systems'),
(702, 'Experimental Skills'),
(703, 'Complex Numbers and Quadratic '),
(704, 'Matrices and Deteerminants'),
(705, 'Permutations and Combinations'),
(706, 'Binomial Theorem and its Simpl'),
(707, 'Sequences and Series'),
(708, 'Limit, Continuity and Differen'),
(709, 'Integral Calculus'),
(710, 'Differential Equations'),
(711, 'Straight Lines'),
(712, 'Circles'),
(713, 'Conic Sections'),
(714, 'Three Dimensional Geometry'),
(715, 'Vector Algebra'),
(716, 'Statistics and Probability'),
(717, 'Trigonometry'),
(718, 'Physical Chemistry'),
(719, 'Some Basic concepts of Chemist'),
(720, 'Gaseous and Liquid State'),
(721, 'Atomic Structure'),
(722, 'Chemical Bonding '),
(723, 'Chemical Thermodynamics'),
(724, 'Solutions'),
(725, 'Chemical Equilibrium'),
(726, 'Ionic Equilibrium'),
(727, 'Solid State'),
(728, 'Electrochemistry'),
(729, 'Chemical Kinetics'),
(730, 'Surface Chemistry'),
(731, 'Inorganic Chemistry'),
(732, 'Classification of Elements and'),
(733, 'General Principles and Process'),
(734, 'Hydrogen'),
(735, 'S-Block Elements'),
(736, 'P-Block Elements'),
(737, 'Transition Elements (3d series'),
(738, 'Qualitative Analysis'),
(739, 'Organic Chemistry'),
(740, 'Purification and Characterisat'),
(741, 'Some Basic Principles of Organ'),
(742, 'Hydrocarbons'),
(743, 'Organic Compound contaning Hal'),
(744, 'Alcohols, Phenol and Ethers'),
(745, 'Carbonyl Compounds'),
(746, 'Carboxylic Acids'),
(747, 'Organic compounds containing N'),
(748, 'Polymers'),
(749, 'Carbohydrates and Amino acids'),
(750, 'Practical Organic Chemistry'),
(751, 'Physics and Measurement'),
(752, 'Kinematics'),
(753, 'Laws of Motion'),
(754, 'Work, Energy and Power'),
(755, 'Rotational Motion'),
(756, 'Gravitation'),
(757, 'Properties of Solids and Liqui'),
(758, 'Thermodynamics'),
(759, 'Kinetic Theory of Gases'),
(760, 'Oscillation and Waves'),
(761, 'Electrostatics'),
(762, 'Current Electricity'),
(763, 'Magnetic Effects of Current an'),
(764, 'Electromagnetic Induction'),
(765, 'Alternating Currents'),
(766, 'Electromagnetic Waves'),
(767, 'Optics'),
(768, 'Dual Nature of Matter and Radi'),
(769, 'Atoms and Nuclei'),
(770, 'Experimental Skills');

-- --------------------------------------------------------

--
-- Table structure for table `booked`
--

CREATE TABLE IF NOT EXISTS `booked` (
  `tid` int(11) DEFAULT NULL,
  `starttime` int(11) DEFAULT NULL,
  `sid` int(11) DEFAULT NULL,
  `duration` int(11) DEFAULT NULL,
  `url` varchar(300) DEFAULT NULL,
  `feedback` varchar(3000) DEFAULT NULL,
  `rate` int(11) DEFAULT NULL,
  `testfiles` varchar(1000) DEFAULT NULL,
  `solnfiles` varchar(1000) DEFAULT NULL,
  `marks` int(11) DEFAULT NULL,
  `c_id` int(11) DEFAULT NULL,
  `s_id` int(11) DEFAULT NULL,
  `t_id` int(11) DEFAULT NULL,
  `surl` varchar(300) DEFAULT NULL,
  `rurl` varchar(300) DEFAULT NULL,
  `class_id` int(11) DEFAULT NULL,
  `bookedat` int(11) DEFAULT NULL
) ENGINE=InnoDB DEFAULT CHARSET=latin1;

--
-- Dumping data for table `booked`
--

INSERT INTO `booked` (`tid`, `starttime`, `sid`, `duration`, `url`, `feedback`, `rate`, `testfiles`, `solnfiles`, `marks`, `c_id`, `s_id`, `t_id`, `surl`, `rurl`, `class_id`, `bookedat`) VALUES
(2, 1436727600, 3, 1800, '', NULL, NULL, NULL, NULL, NULL, 1, 2, 22, '', '', 0, 1436506928),
(2, 1436758200, 3, 1800, '', NULL, NULL, NULL, NULL, NULL, 1, 2, 22, '', '', 0, 1436506928),
(2, 1437512400, 19, 1800, '', NULL, NULL, NULL, NULL, NULL, 5, 22, 242, '', '', 0, 1437463244),
(2, 1437519600, 20, 3600, '', NULL, NULL, NULL, NULL, NULL, 5, 22, 242, '', '', 0, 1437466397),
(2, 1437532200, 20, 1800, '', NULL, NULL, NULL, NULL, NULL, 5, 22, 242, '', '', 0, 1437466397),
(2, 1437535800, 20, 1800, '', NULL, NULL, NULL, NULL, NULL, 5, 22, 242, '', '', 0, 1437466397),
(2, 1437539400, 20, 9000, '', NULL, NULL, NULL, NULL, NULL, 5, 22, 242, '', '', 0, 1437466397),
(2, 1437550200, 20, 1800, '', NULL, NULL, NULL, NULL, NULL, 5, 22, 242, '', '', 0, 1437466397),
(2, 1437553800, 20, 1800, '', NULL, NULL, NULL, NULL, NULL, 5, 22, 242, '', '', 0, 1437466397),
(2, 1437557400, 20, 1800, '', NULL, NULL, NULL, NULL, NULL, 5, 22, 242, '', '', 0, 1437466397),
(2, 1437562800, 20, 1800, '', NULL, NULL, NULL, NULL, NULL, 5, 22, 242, '', '', 0, 1437466397),
(2, 1437566400, 20, 3600, '', NULL, NULL, NULL, NULL, NULL, 5, 22, 242, '', '', 0, 1437466397),
(2, 1437575400, 20, 1800, '', NULL, NULL, NULL, NULL, NULL, 5, 22, 242, '', '', 0, 1437466397),
(2, 1437618600, 19, 1800, '', NULL, NULL, NULL, NULL, NULL, 5, 22, 242, '', '', 0, 1437539341),
(2, 1437622200, 19, 1800, '', NULL, NULL, NULL, NULL, NULL, 5, 22, 242, '', '', 0, 1437539341),
(2, 1437625800, 19, 1800, '', NULL, NULL, NULL, NULL, NULL, 5, 22, 242, '', '', 0, 1437539341),
(2, 1437633000, 19, 1800, '', NULL, NULL, NULL, NULL, NULL, 5, 22, 242, '', '', 0, 1437539351),
(2, 1437654600, 19, 1800, '', NULL, NULL, NULL, NULL, NULL, 5, 22, 242, '', '', 0, 1437539351),
(5, 1438198200, 3, 1800, '', NULL, NULL, NULL, NULL, NULL, 6, 36, 424, '', '', 0, 1438174016);

-- --------------------------------------------------------

--
-- Table structure for table `donefreedemo`
--

CREATE TABLE IF NOT EXISTS `donefreedemo` (
  `uid` int(11) NOT NULL,
  `tid` int(11) DEFAULT NULL,
  `time` int(11) DEFAULT NULL,
  UNIQUE KEY `uniq_likes` (`uid`,`tid`)
) ENGINE=InnoDB DEFAULT CHARSET=latin1;

--
-- Dumping data for table `donefreedemo`
--

INSERT INTO `donefreedemo` (`uid`, `tid`, `time`) VALUES
(19, 2, 1437463244),
(20, 2, 1437466397),
(3, 5, 1438174016);

-- --------------------------------------------------------

--
-- Table structure for table `moneyaccount`
--

CREATE TABLE IF NOT EXISTS `moneyaccount` (
  `id` int(11) NOT NULL AUTO_INCREMENT,
  `uid` int(11) DEFAULT NULL,
  `content` varchar(1000) DEFAULT NULL,
  `time` int(11) DEFAULT NULL,
  `amount` int(11) DEFAULT NULL,
  PRIMARY KEY (`id`)
) ENGINE=InnoDB  DEFAULT CHARSET=latin1 AUTO_INCREMENT=38 ;

--
-- Dumping data for table `moneyaccount`
--

INSERT INTO `moneyaccount` (`id`, `uid`, `content`, `time`, `amount`) VALUES
(1, 1, 'You added in account of yogy saini(t)', 1436505112, -500),
(2, 2, 'Admin added in your account', 1436505112, 500),
(3, 1, 'You added in account of yogy saini(t)', 1436505127, -500),
(4, 2, 'Admin added in your account', 1436505127, 500),
(5, 1, 'You added in account of Rohit(s)', 1436506726, -2000),
(6, 3, 'Admin added in your account', 1436506726, 2000),
(7, 3, 'You booked class of Class-VI, Science, Body Movements with teacher yogy saini ', 1436506928, -1800),
(8, 1, 'You added in account of asdas asdsad(t)', 1437305876, -12312),
(9, 13, 'Admin added in your account', 1437305876, 12312),
(10, 1, 'You added in account of asdas asdsad(t)', 1437305886, -12312),
(11, 13, 'Admin added in your account', 1437305886, 12312),
(12, 1, 'You added in account of asdas asdsad(t)', 1437305919, -632),
(13, 13, 'Admin added in your account', 1437305919, 632),
(14, 1, 'You added in account of asdas asdsad(t)', 1437305961, -123),
(15, 13, 'Admin added in your account', 1437305961, 123),
(16, 1, 'You added in account of asdas asdsad(t)', 1437306010, -123),
(17, 13, 'Admin added in your account', 1437306010, 123),
(18, 1, 'You added in account of asdas asdsad(t)', 1437306396, -234),
(19, 13, 'Admin added in your account', 1437306396, 234),
(20, 1, 'You added in account of asdas asdsad(t)', 1437306457, -232),
(21, 13, 'Admin added in your account', 1437306457, 232),
(22, 1, 'You added in account of yks(s)', 1437539301, -600000),
(23, 19, 'Admin added in your account', 1437539301, 600000),
(24, 19, 'You booked class of Class-X, Science, Chemical Reactions and Equatio with teacher yogy saini ', 1437539341, -2700),
(25, 19, 'You booked class of Class-X, Science, Chemical Reactions and Equatio with teacher yogy saini ', 1437539351, -1800),
(26, 1, 'You added in account of yogy saini(t)', 1437543392, -10000),
(27, 2, 'Admin added in your account', 1437543392, 10000),
(28, 1, 'You added in account of Rohit(s)', 1437543396, -10000),
(29, 3, 'Admin added in your account', 1437543396, 10000),
(30, 1, 'You added in account of yogy saini(t)', 1437545278, -1000),
(31, 2, 'Admin added in your account', 1437545278, 1000),
(32, 1, 'You added in account of yogy saini(t)', 1437553508, -23),
(33, 2, 'Admin added in your account', 1437553509, 23),
(34, 1, 'You added in account of yogy saini(t)', 1437553512, 0),
(35, 2, 'Admin added in your account', 1437553512, 0),
(36, 1, 'You added in account of yogy saini(t)', 1437555529, -5000),
(37, 2, 'Admin added in your account', 1437555529, 5000);

-- --------------------------------------------------------

--
-- Table structure for table `msreview`
--

CREATE TABLE IF NOT EXISTS `msreview` (
  `feedback` varchar(3000) DEFAULT NULL,
  `time` int(11) DEFAULT NULL,
  `ip` varchar(20) DEFAULT NULL
) ENGINE=InnoDB DEFAULT CHARSET=latin1;

-- --------------------------------------------------------

--
-- Table structure for table `notf`
--

CREATE TABLE IF NOT EXISTS `notf` (
  `id` int(11) NOT NULL AUTO_INCREMENT,
  `uid` int(11) DEFAULT NULL,
  `content` varchar(1000) DEFAULT NULL,
  `time` int(11) DEFAULT NULL,
  `isr` varchar(1) DEFAULT NULL,
  `url` varchar(100) DEFAULT NULL,
  `sid` int(11) DEFAULT NULL,
  PRIMARY KEY (`id`)
) ENGINE=InnoDB DEFAULT CHARSET=latin1 AUTO_INCREMENT=1 ;

-- --------------------------------------------------------

--
-- Table structure for table `subjects`
--

CREATE TABLE IF NOT EXISTS `subjects` (
  `id` int(11) NOT NULL AUTO_INCREMENT,
  `tid` int(11) DEFAULT NULL,
  `c_id` int(11) DEFAULT NULL,
  `s_id` int(11) DEFAULT NULL,
  `t_id` int(11) DEFAULT NULL,
  `timer` int(11) DEFAULT NULL,
  `price` int(11) DEFAULT NULL,
  PRIMARY KEY (`id`),
  UNIQUE KEY `tid` (`tid`,`c_id`,`s_id`,`t_id`)
) ENGINE=InnoDB  DEFAULT CHARSET=latin1 AUTO_INCREMENT=10 ;

--
-- Dumping data for table `subjects`
--

INSERT INTO `subjects` (`id`, `tid`, `c_id`, `s_id`, `t_id`, `timer`, `price`) VALUES
(5, 2, 5, 22, 242, 3, 1800),
(6, 4, 5, 22, 254, 0, 500),
(7, 4, 5, 22, 256, 0, 500),
(8, 5, 6, 36, 424, 0, 200),
(9, 7, 5, 22, 256, 0, 800);

-- --------------------------------------------------------

--
-- Table structure for table `teachers`
--

CREATE TABLE IF NOT EXISTS `teachers` (
  `tid` int(11) NOT NULL,
  `iit` int(11) DEFAULT NULL,
  `iitentryyear` int(11) DEFAULT NULL,
  `degree` varchar(100) DEFAULT NULL,
  `experience` varchar(1000) DEFAULT NULL,
  `addinfo` varchar(1000) DEFAULT NULL,
  `isselected` varchar(1) DEFAULT NULL,
  `rate` int(11) DEFAULT NULL,
  `youtubelink` varchar(200) DEFAULT NULL,
  `jsoninfo` varchar(1000) DEFAULT NULL,
  `teachingexp` int(11) DEFAULT NULL,
  `lang` varchar(100) DEFAULT NULL,
  `teachermoto` varchar(200) DEFAULT NULL
) ENGINE=InnoDB DEFAULT CHARSET=latin1;

--
-- Dumping data for table `teachers`
--

INSERT INTO `teachers` (`tid`, `iit`, `iitentryyear`, `degree`, `experience`, `addinfo`, `isselected`, `rate`, `youtubelink`, `jsoninfo`, `teachingexp`, `lang`, `teachermoto`) VALUES
(2, NULL, NULL, NULL, NULL, NULL, 'a', NULL, NULL, '{"college":"Hyderabad","subother":"","minfees":"1800","resume":"","calvarification":"data\\/files\\/1436504586__689d7d039.jpg","degree":"btech","degreeother":"","branch":"Computer & Science","city":"b-1123 sivalik malviya nagar","zipcode":"333111222","state":"Delhi","country":"India","linkprofile":"","feedback":"     ","knowaboutusother":"","sub":"1-2-other-","grade":"3","knowaboutus":"1-other-","home":"1"}', 1, '1-2', 'Say Hello with me'),
(4, NULL, NULL, NULL, NULL, NULL, 'a', NULL, NULL, '{"college":"Bhubaneswar","subother":"","minfees":"500","resume":"","calvarification":"","degree":"btech","degreeother":"","branch":"cs","city":"xx","zipcode":"xx","state":"xx","country":"Bahrain","linkprofile":"","feedback":"     ","knowaboutusother":"","sub":"1-2-other-","grade":"1-2","knowaboutus":"1-other-","home":"1"}', 13, '1-2', 'Hows Day'),
(5, NULL, NULL, NULL, NULL, NULL, 'a', NULL, NULL, '{"college":"Delhi","subother":"","minfees":"200","resume":"","calvarification":"","degree":"btech","degreeother":"","branch":"asd","city":"asd","zipcode":"asd","state":"as","country":"Barbados","linkprofile":"","feedback":"     ","knowaboutusother":"","sub":"1-other-","grade":"1","knowaboutus":"1-other-","home":"1"}', 0, '1', '123456789 123456789 123456789 123456789 123456789 123456789 123456789 123456789 123456789 123456789 123456789 123456789  123456789 123456789 123456789 123456789 123456789 123456789 123456789 12345678R'),
(6, NULL, NULL, NULL, NULL, NULL, 'f', NULL, NULL, '{"college":"Ropar","subother":"Hindi ME","minfees":"800","resume":"","calvarification":"","degree":"mtech","degreeother":"","branch":"CcC","city":"City","zipcode":"545454","state":"State","country":"India","linkprofile":"","feedback":"     ","knowaboutusother":"news","sub":"1-2-3-6-other-Hindi ME","grade":"1-2-3-4","knowaboutus":"1-2-3-4-other-news","home":"1"}', 15, '1-2-4-5-6-7-10-12-13-14', NULL),
(7, NULL, NULL, NULL, NULL, NULL, 'a', NULL, NULL, '{"college":"Ropar","subother":"Hindi ME","minfees":"800","resume":"","calvarification":"","degree":"mtech","degreeother":"","branch":"CcC","city":"City","zipcode":"545454","state":"State","country":"India","linkprofile":"","feedback":"     ","knowaboutusother":"news","sub":"1-2-3-6-other-Hindi ME","grade":"1-2-3-4","knowaboutus":"1-2-3-4-other-news","home":"1"}', 15, '1-2-4-5-6-7-10-12-13-14', NULL),
(13, NULL, NULL, NULL, NULL, NULL, 'f', NULL, NULL, '{"college":"Gandhinagar","subother":"","minfees":"200","resume":"","calvarification":"","degree":"mtech","degreeother":"","branch":"sdf","city":"sdfs","zipcode":"sdf","state":"sdf","country":"Bangladesh","linkprofile":"","feedback":"     ","knowaboutusother":"","sub":"1-other-","grade":"1","knowaboutus":"1-other-","home":"1"}', 14, '1', NULL),
(14, NULL, NULL, NULL, NULL, NULL, 'f', NULL, NULL, '{"college":"Delhi","subother":"","minfees":"5000","resume":"","calvarification":"","degree":"btech","degreeother":"","branch":"asdas","city":"asd","zipcode":"asd","state":"asd","country":"Barbados","linkprofile":"","feedback":"     ","knowaboutusother":"","sub":"1-4-other-","grade":"1","knowaboutus":"1-other-","home":"1"}', 4, '1', NULL),
(16, NULL, NULL, NULL, NULL, NULL, 'f', NULL, NULL, '{"college":"Patna","subother":"","minfees":"2000","resume":"","calvarification":"","degree":"mtech","degreeother":"","branch":"cd","city":"asd","zipcode":"asd","state":"ads","country":"Azerbaijan","linkprofile":"","feedback":"     ","knowaboutusother":"","sub":"1-other-","grade":"1-2","knowaboutus":"1-other-","home":"1"}', 15, '1', NULL),
(19, NULL, NULL, NULL, NULL, NULL, 'f', NULL, NULL, '{"college":"Mandi","subother":"","minfees":"300","resume":"","calvarification":"","degree":"msc","degreeother":"","branch":"asda","city":"asd","zipcode":"asd","state":"asd","country":"Bangladesh","linkprofile":"","feedback":"     ","knowaboutusother":"","sub":"1-other-","grade":"1","knowaboutus":"1-other-","home":"1"}', 14, '2', NULL),
(20, NULL, NULL, NULL, NULL, NULL, 'f', NULL, NULL, '{"college":"Bhubaneswar","subother":"","minfees":"200","resume":"","calvarification":"","degree":"btech","degreeother":"","branch":"CS","city":"city","zipcode":"321123","state":"state","country":"Afghanistan","linkprofile":"","feedback":"     ","knowaboutusother":"","sub":"1-other-","grade":"1","knowaboutus":"1-other-","home":"1"}', 0, '1', NULL);

-- --------------------------------------------------------

--
-- Table structure for table `timeslot`
--

CREATE TABLE IF NOT EXISTS `timeslot` (
  `tid` int(11) DEFAULT NULL,
  `starttime` int(11) DEFAULT NULL,
  `sid` int(11) DEFAULT NULL,
  UNIQUE KEY `tid_dt_slot` (`tid`,`starttime`)
) ENGINE=InnoDB DEFAULT CHARSET=latin1;

--
-- Dumping data for table `timeslot`
--

INSERT INTO `timeslot` (`tid`, `starttime`, `sid`) VALUES
(2, 1436725800, NULL),
(2, 1436727600, 3),
(2, 1436758200, 3),
(2, 1436898600, NULL),
(2, 1436900400, NULL),
(2, 1436931000, NULL),
(2, 1436729400, NULL),
(2, 1436731200, NULL),
(2, 1436734800, NULL),
(2, 1436736600, NULL),
(2, 1436740200, NULL),
(2, 1436742000, NULL),
(2, 1436743800, NULL),
(2, 1436745600, NULL),
(2, 1436747400, NULL),
(2, 1436751000, NULL),
(2, 1436752800, NULL),
(2, 1436763600, NULL),
(2, 1436769000, NULL),
(2, 1436770800, NULL),
(2, 1436772600, NULL),
(2, 1436778000, NULL),
(2, 1436794200, NULL),
(2, 1436796000, NULL),
(2, 1436801400, NULL),
(2, 1436803200, NULL),
(2, 1436806800, NULL),
(2, 1436808600, NULL),
(2, 1437678000, NULL),
(2, 1437679800, NULL),
(2, 1437681600, NULL),
(2, 1437683400, NULL),
(2, 1437685200, NULL),
(2, 1437764400, NULL),
(2, 1437766200, NULL),
(2, 1437768000, NULL),
(2, 1437769800, NULL),
(2, 1437771600, NULL),
(2, 1437850800, NULL),
(2, 1437852600, NULL),
(2, 1437854400, NULL),
(2, 1437856200, NULL),
(2, 1437858000, NULL),
(2, 1437937200, NULL),
(2, 1437939000, NULL),
(2, 1437940800, NULL),
(2, 1437942600, NULL),
(2, 1437944400, NULL),
(2, 1438023600, NULL),
(2, 1438025400, NULL),
(2, 1438027200, NULL),
(2, 1438029000, NULL),
(2, 1438030800, NULL),
(2, 1438110000, NULL),
(2, 1438111800, NULL),
(2, 1438113600, NULL),
(2, 1438115400, NULL),
(2, 1438117200, NULL),
(2, 1438196400, NULL),
(2, 1438198200, NULL),
(2, 1438200000, NULL),
(2, 1438201800, NULL),
(2, 1438203600, NULL),
(2, 1438282800, NULL),
(2, 1438284600, NULL),
(2, 1438286400, NULL),
(2, 1438288200, NULL),
(2, 1438290000, NULL),
(2, 1437024600, NULL),
(2, 1437030000, NULL),
(2, 1437033600, NULL),
(2, 1437145200, NULL),
(2, 1437147000, NULL),
(2, 1437152400, NULL),
(2, 1437154200, NULL),
(2, 1563431400, NULL),
(2, 1563435000, NULL),
(2, 1563440400, NULL),
(2, 1437031800, NULL),
(2, 1437035400, NULL),
(2, 1437039000, NULL),
(2, 1437044400, NULL),
(2, 1437048000, NULL),
(2, 1437049800, NULL),
(2, 1437057000, NULL),
(2, 1437186600, NULL),
(2, 1437190200, NULL),
(2, 1437193800, NULL),
(2, 1437195600, NULL),
(2, 1437197400, NULL),
(2, 1437204600, NULL),
(2, 1437208200, NULL),
(2, 1437211800, NULL),
(2, 1437217200, NULL),
(2, 1437220800, NULL),
(2, 1437222600, NULL),
(2, 1437229800, NULL),
(2, 1437445800, NULL),
(2, 1437449400, NULL),
(2, 1437453000, NULL),
(2, 1437454800, NULL),
(2, 1437456600, NULL),
(2, 1437463800, NULL),
(2, 1437467400, NULL),
(2, 1437471000, NULL),
(2, 1437476400, NULL),
(2, 1437480000, NULL),
(2, 1437481800, NULL),
(2, 1437489000, NULL),
(2, 1437532200, 20),
(2, 1437535800, 20),
(2, 1437539400, 20),
(2, 1437541200, 20),
(2, 1437543000, 20),
(2, 1437550200, 20),
(2, 1437553800, 20),
(2, 1437557400, 20),
(2, 1437562800, 20),
(2, 1437566400, 20),
(2, 1437568200, 20),
(2, 1437575400, 20),
(2, 1437618600, 19),
(2, 1437622200, 19),
(2, 1437625800, 19),
(2, 1437627600, NULL),
(2, 1437629400, NULL),
(2, 1437636600, NULL),
(2, 1437640200, NULL),
(2, 1437643800, NULL),
(2, 1437649200, NULL),
(2, 1437652800, NULL),
(2, 1437654600, 19),
(2, 1437661800, NULL),
(2, 1437087600, NULL),
(2, 1437089400, NULL),
(2, 1437080400, NULL),
(2, 1437112800, NULL),
(2, 1437114600, NULL),
(2, 1437166800, NULL),
(2, 1437174000, NULL),
(2, 1437175800, NULL),
(2, 1437199200, NULL),
(2, 1437201000, NULL),
(2, 1437253200, NULL),
(2, 1437260400, NULL),
(2, 1437262200, NULL),
(2, 1437285600, NULL),
(2, 1437287400, NULL),
(2, 1437339600, NULL),
(2, 1437346800, NULL),
(2, 1437348600, NULL),
(2, 1437372000, NULL),
(2, 1437373800, NULL),
(2, 1437426000, NULL),
(2, 1437433200, NULL),
(2, 1437435000, NULL),
(2, 1437458400, NULL),
(2, 1437460200, NULL),
(2, 1437512400, 19),
(2, 1437519600, 20),
(2, 1437521400, 20),
(2, 1437544800, 20),
(2, 1437546600, 20),
(2, 1437598800, NULL),
(2, 1437606000, NULL),
(2, 1437607800, NULL),
(2, 1437631200, NULL),
(2, 1437633000, 19),
(2, 1437692400, NULL),
(2, 1437694200, NULL),
(2, 1437717600, NULL),
(2, 1437719400, NULL),
(2, 1437778800, NULL),
(2, 1437780600, NULL),
(2, 1437804000, NULL),
(2, 1437805800, NULL),
(2, 1437865200, NULL),
(2, 1437867000, NULL),
(2, 1437890400, NULL),
(2, 1437892200, NULL),
(2, 1437951600, NULL),
(2, 1437953400, NULL),
(2, 1437976800, NULL),
(2, 1437978600, NULL),
(2, 1438038000, NULL),
(2, 1438039800, NULL),
(2, 1438063200, NULL),
(2, 1438065000, NULL),
(2, 1438124400, NULL),
(2, 1438126200, NULL),
(2, 1438149600, NULL),
(2, 1438151400, NULL),
(2, 1438210800, NULL),
(2, 1438212600, NULL),
(2, 1438236000, NULL),
(2, 1438237800, NULL),
(2, 1438297200, NULL),
(2, 1438299000, NULL),
(2, 1438322400, NULL),
(2, 1438324200, NULL),
(2, 1437881400, NULL),
(2, 1437885000, NULL),
(2, 1437886800, NULL),
(2, 1437888600, NULL),
(4, 1437593400, NULL),
(4, 1437678000, NULL),
(4, 1437679800, NULL),
(4, 1437681600, NULL),
(5, 1437676200, NULL),
(5, 1437679800, NULL),
(5, 1437683400, NULL),
(5, 1437687000, NULL),
(5, 1437690600, NULL),
(5, 1437694200, NULL),
(5, 1437697800, NULL),
(5, 1437701400, NULL),
(5, 1437705000, NULL),
(5, 1437708600, NULL),
(5, 1437712200, NULL),
(5, 1437715800, NULL),
(5, 1437719400, NULL),
(5, 1437723000, NULL),
(5, 1437726600, NULL),
(5, 1437730200, NULL),
(5, 1437733800, NULL),
(5, 1437737400, NULL),
(5, 1437741000, NULL),
(5, 1437744600, NULL),
(5, 1437748200, NULL),
(5, 1437751800, NULL),
(5, 1437755400, NULL),
(5, 1437759000, NULL),
(5, 1437638400, NULL),
(5, 1437640200, NULL),
(5, 1437642000, NULL),
(5, 1437643800, NULL),
(5, 1437645600, NULL),
(5, 1437647400, NULL),
(5, 1437649200, NULL),
(5, 1437651000, NULL),
(5, 1437652800, NULL),
(5, 1437654600, NULL),
(5, 1437656400, NULL),
(5, 1437658200, NULL),
(5, 1437660000, NULL),
(5, 1437661800, NULL),
(5, 1437663600, NULL),
(5, 1437665400, NULL),
(5, 1437667200, NULL),
(5, 1437669000, NULL),
(5, 1437670800, NULL),
(5, 1437672600, NULL),
(5, 1437674400, NULL),
(5, 1437678000, NULL),
(5, 1437681600, NULL),
(5, 1437685200, NULL),
(5, 1437688800, NULL),
(5, 1437692400, NULL),
(5, 1437696000, NULL),
(5, 1437699600, NULL),
(5, 1437703200, NULL),
(5, 1437706800, NULL),
(5, 1437710400, NULL),
(5, 1437714000, NULL),
(5, 1437717600, NULL),
(5, 1437721200, NULL),
(5, 1437724800, NULL),
(5, 1437728400, NULL),
(5, 1437732000, NULL),
(5, 1437735600, NULL),
(5, 1437739200, NULL),
(5, 1437742800, NULL),
(5, 1437746400, NULL),
(5, 1437750000, NULL),
(5, 1437753600, NULL),
(5, 1437757200, NULL),
(5, 1437760800, NULL),
(5, 1437762600, NULL),
(5, 1437764400, NULL),
(5, 1437766200, NULL),
(5, 1437768000, NULL),
(5, 1437769800, NULL),
(5, 1437771600, NULL),
(5, 1437773400, NULL),
(5, 1437775200, NULL),
(5, 1437777000, NULL),
(5, 1437778800, NULL),
(5, 1437780600, NULL),
(5, 1437782400, NULL),
(5, 1437784200, NULL),
(5, 1437786000, NULL),
(5, 1437787800, NULL),
(5, 1437789600, NULL),
(5, 1437791400, NULL),
(5, 1437793200, NULL),
(5, 1437795000, NULL),
(5, 1437796800, NULL),
(5, 1437798600, NULL),
(5, 1437800400, NULL),
(5, 1437802200, NULL),
(5, 1437804000, NULL),
(5, 1437805800, NULL),
(5, 1437807600, NULL),
(5, 1437809400, NULL),
(5, 1437811200, NULL),
(5, 1437813000, NULL),
(5, 1437814800, NULL),
(5, 1437816600, NULL),
(5, 1437818400, NULL),
(5, 1437820200, NULL),
(5, 1437822000, NULL),
(5, 1437823800, NULL),
(5, 1437825600, NULL),
(5, 1437827400, NULL),
(5, 1437829200, NULL),
(5, 1437831000, NULL),
(5, 1437832800, NULL),
(5, 1437834600, NULL),
(5, 1437836400, NULL),
(5, 1437838200, NULL),
(5, 1437840000, NULL),
(5, 1437841800, NULL),
(5, 1437843600, NULL),
(5, 1437845400, NULL),
(5, 1437847200, NULL),
(5, 1437849000, NULL),
(5, 1437850800, NULL),
(5, 1437852600, NULL),
(5, 1437854400, NULL),
(5, 1437856200, NULL),
(5, 1437858000, NULL),
(5, 1437859800, NULL),
(5, 1437861600, NULL),
(5, 1437863400, NULL),
(5, 1437865200, NULL),
(5, 1437867000, NULL),
(5, 1437868800, NULL),
(5, 1437870600, NULL),
(5, 1437872400, NULL),
(5, 1437874200, NULL),
(5, 1437876000, NULL),
(5, 1437877800, NULL),
(5, 1437879600, NULL),
(5, 1437881400, NULL),
(5, 1437883200, NULL),
(5, 1437885000, NULL),
(5, 1437886800, NULL),
(5, 1437888600, NULL),
(5, 1437890400, NULL),
(5, 1437892200, NULL),
(5, 1437894000, NULL),
(5, 1437895800, NULL),
(5, 1437897600, NULL),
(5, 1437899400, NULL),
(5, 1437901200, NULL),
(5, 1437903000, NULL),
(5, 1437904800, NULL),
(5, 1437906600, NULL),
(5, 1437908400, NULL),
(5, 1437910200, NULL),
(5, 1437912000, NULL),
(5, 1437913800, NULL),
(5, 1437915600, NULL),
(5, 1437917400, NULL),
(5, 1437919200, NULL),
(5, 1437921000, NULL),
(5, 1437922800, NULL),
(5, 1437924600, NULL),
(5, 1437926400, NULL),
(5, 1437928200, NULL),
(5, 1437930000, NULL),
(5, 1437931800, NULL),
(5, 1437933600, NULL),
(5, 1437935400, NULL),
(5, 1437937200, NULL),
(5, 1437939000, NULL),
(5, 1437940800, NULL),
(5, 1437942600, NULL),
(5, 1437944400, NULL),
(5, 1437946200, NULL),
(5, 1437948000, NULL),
(5, 1437949800, NULL),
(5, 1437951600, NULL),
(5, 1437953400, NULL),
(5, 1437955200, NULL),
(5, 1437957000, NULL),
(5, 1437958800, NULL),
(5, 1437960600, NULL),
(5, 1437962400, NULL),
(5, 1437964200, NULL),
(5, 1437966000, NULL),
(5, 1437967800, NULL),
(5, 1437969600, NULL),
(5, 1437971400, NULL),
(5, 1437973200, NULL),
(5, 1437975000, NULL),
(5, 1437976800, NULL),
(5, 1437978600, NULL),
(5, 1437980400, NULL),
(5, 1437982200, NULL),
(5, 1437984000, NULL),
(5, 1437985800, NULL),
(5, 1437987600, NULL),
(5, 1437989400, NULL),
(5, 1437991200, NULL),
(5, 1437993000, NULL),
(5, 1437994800, NULL),
(5, 1437996600, NULL),
(5, 1437998400, NULL),
(5, 1438000200, NULL),
(5, 1438002000, NULL),
(5, 1438003800, NULL),
(5, 1438005600, NULL),
(5, 1438007400, NULL),
(5, 1438009200, NULL),
(5, 1438011000, NULL),
(5, 1438012800, NULL),
(5, 1438014600, NULL),
(5, 1438016400, NULL),
(5, 1438018200, NULL),
(5, 1438020000, NULL),
(5, 1438021800, NULL),
(5, 1438023600, NULL),
(5, 1438025400, NULL),
(5, 1438027200, NULL),
(5, 1438029000, NULL),
(5, 1438030800, NULL),
(5, 1438032600, NULL),
(5, 1438034400, NULL),
(5, 1438036200, NULL),
(5, 1438038000, NULL),
(5, 1438039800, NULL),
(5, 1438041600, NULL),
(5, 1438043400, NULL),
(5, 1438045200, NULL),
(5, 1438047000, NULL),
(5, 1438048800, NULL),
(5, 1438050600, NULL),
(5, 1438052400, NULL),
(5, 1438054200, NULL),
(5, 1438056000, NULL),
(5, 1438057800, NULL),
(5, 1438059600, NULL),
(5, 1438061400, NULL),
(5, 1438063200, NULL),
(5, 1438065000, NULL),
(5, 1438066800, NULL),
(5, 1438068600, NULL),
(5, 1438070400, NULL),
(5, 1438072200, NULL),
(5, 1438074000, NULL),
(5, 1438075800, NULL),
(5, 1438077600, NULL),
(5, 1438079400, NULL),
(5, 1438081200, NULL),
(5, 1438083000, NULL),
(5, 1438084800, NULL),
(5, 1438086600, NULL),
(5, 1438088400, NULL),
(5, 1438090200, NULL),
(5, 1438092000, NULL),
(5, 1438093800, NULL),
(5, 1438095600, NULL),
(5, 1438097400, NULL),
(5, 1438099200, NULL),
(5, 1438101000, NULL),
(5, 1438102800, NULL),
(5, 1438104600, NULL),
(5, 1438106400, NULL),
(5, 1438108200, NULL),
(5, 1438110000, NULL),
(5, 1438111800, NULL),
(5, 1438113600, NULL),
(5, 1438115400, NULL),
(5, 1438117200, NULL),
(5, 1438119000, NULL),
(5, 1438120800, NULL),
(5, 1438122600, NULL),
(5, 1438124400, NULL),
(5, 1438126200, NULL),
(5, 1438128000, NULL),
(5, 1438129800, NULL),
(5, 1438131600, NULL),
(5, 1438133400, NULL),
(5, 1438135200, NULL),
(5, 1438137000, NULL),
(5, 1438138800, NULL),
(5, 1438140600, NULL),
(5, 1438142400, NULL),
(5, 1438144200, NULL),
(5, 1438146000, NULL),
(5, 1438147800, NULL),
(5, 1438149600, NULL),
(5, 1438151400, NULL),
(5, 1438153200, NULL),
(5, 1438155000, NULL),
(5, 1438156800, NULL),
(5, 1438158600, NULL),
(5, 1438160400, NULL),
(5, 1438162200, NULL),
(5, 1438164000, NULL),
(5, 1438165800, NULL),
(5, 1438167600, NULL),
(5, 1438169400, NULL),
(5, 1438171200, NULL),
(5, 1438173000, NULL),
(5, 1438174800, NULL),
(5, 1438176600, NULL),
(5, 1438178400, NULL),
(5, 1438180200, NULL),
(5, 1438182000, NULL),
(5, 1438183800, NULL),
(5, 1438185600, NULL),
(5, 1438187400, NULL),
(5, 1438189200, NULL),
(5, 1438191000, NULL),
(5, 1438192800, NULL),
(5, 1438194600, NULL),
(5, 1438196400, NULL),
(5, 1438198200, 3),
(5, 1438200000, NULL),
(5, 1438201800, NULL),
(5, 1438203600, NULL),
(5, 1438205400, NULL),
(5, 1438207200, NULL),
(5, 1438209000, NULL),
(5, 1438210800, NULL),
(5, 1438212600, NULL),
(5, 1438214400, NULL),
(5, 1438216200, NULL),
(5, 1438218000, NULL),
(5, 1438219800, NULL),
(5, 1438221600, NULL),
(5, 1438223400, NULL),
(5, 1438225200, NULL),
(5, 1438227000, NULL),
(5, 1438228800, NULL),
(5, 1438230600, NULL),
(5, 1438232400, NULL),
(5, 1438234200, NULL),
(5, 1438236000, NULL),
(5, 1438237800, NULL),
(5, 1438239600, NULL),
(5, 1438241400, NULL),
(5, 1438243200, NULL),
(5, 1438245000, NULL),
(5, 1438246800, NULL),
(5, 1438248600, NULL),
(5, 1438250400, NULL),
(5, 1438252200, NULL),
(5, 1438254000, NULL),
(5, 1438255800, NULL),
(5, 1438257600, NULL),
(5, 1438259400, NULL),
(5, 1438261200, NULL),
(5, 1438263000, NULL),
(5, 1438264800, NULL),
(5, 1438266600, NULL),
(5, 1438268400, NULL),
(5, 1438270200, NULL),
(5, 1438272000, NULL),
(5, 1438273800, NULL),
(5, 1438275600, NULL),
(5, 1438277400, NULL),
(5, 1438279200, NULL),
(5, 1438281000, NULL),
(5, 1438282800, NULL),
(5, 1438284600, NULL),
(5, 1438286400, NULL),
(5, 1438288200, NULL),
(5, 1438290000, NULL),
(5, 1438291800, NULL),
(5, 1438293600, NULL),
(5, 1438295400, NULL),
(5, 1438297200, NULL),
(5, 1438299000, NULL),
(5, 1438300800, NULL),
(5, 1438302600, NULL),
(5, 1438304400, NULL),
(5, 1438306200, NULL),
(5, 1438308000, NULL),
(5, 1438309800, NULL),
(5, 1438311600, NULL),
(5, 1438313400, NULL),
(5, 1438315200, NULL),
(5, 1438317000, NULL),
(5, 1438318800, NULL),
(5, 1438320600, NULL),
(5, 1438322400, NULL),
(5, 1438324200, NULL),
(5, 1438326000, NULL),
(5, 1438327800, NULL),
(5, 1438329600, NULL),
(5, 1438331400, NULL),
(5, 1438333200, NULL),
(5, 1438335000, NULL),
(5, 1438336800, NULL),
(5, 1438338600, NULL),
(5, 1438340400, NULL),
(5, 1438342200, NULL),
(5, 1438344000, NULL),
(5, 1438345800, NULL),
(5, 1438347600, NULL),
(5, 1438349400, NULL),
(5, 1438351200, NULL),
(5, 1438353000, NULL),
(5, 1438354800, NULL),
(5, 1438356600, NULL),
(5, 1438358400, NULL),
(5, 1438360200, NULL),
(5, 1438362000, NULL),
(5, 1438363800, NULL),
(5, 1438365600, NULL),
(7, 1437766200, NULL);

-- --------------------------------------------------------

--
-- Table structure for table `users`
--

CREATE TABLE IF NOT EXISTS `users` (
  `id` int(11) NOT NULL AUTO_INCREMENT,
  `username` varchar(100) DEFAULT NULL,
  `password` varchar(100) DEFAULT NULL,
  `email` varchar(100) DEFAULT NULL,
  `name` varchar(100) DEFAULT NULL,
  `address` varchar(500) DEFAULT NULL,
  `phone` varchar(13) DEFAULT NULL,
  `type` varchar(3) DEFAULT NULL,
  `create_time` int(11) DEFAULT NULL,
  `update_time` int(11) DEFAULT NULL,
  `last_login` int(11) DEFAULT NULL,
  `last_ip` varchar(20) DEFAULT NULL,
  `conf` varchar(1) DEFAULT NULL,
  `econf` varchar(1) DEFAULT NULL,
  `profilepic` varchar(100) DEFAULT NULL,
  `profilepicbig` varchar(100) DEFAULT NULL,
  `gender` varchar(1) DEFAULT NULL,
  `dob` int(11) DEFAULT NULL,
  `fblogin` varchar(50) DEFAULT NULL,
  `gpluslogin` varchar(50) DEFAULT NULL,
  PRIMARY KEY (`id`)
) ENGINE=InnoDB  DEFAULT CHARSET=latin1 AUTO_INCREMENT=23 ;

--
-- Dumping data for table `users`
--

INSERT INTO `users` (`id`, `username`, `password`, `email`, `name`, `address`, `phone`, `type`, `create_time`, `update_time`, `last_login`, `last_ip`, `conf`, `econf`, `profilepic`, `profilepicbig`, `gender`, `dob`, `fblogin`, `gpluslogin`) VALUES
(1, 'admin@admin.com', 'pass', 'admin@admin.com', NULL, NULL, NULL, 'a', 1436502847, 1436502847, NULL, '127.0.0.1', NULL, NULL, 'data/files/1436503488_1_8f7070422small.jpg', 'data/files/1436503488_1_8f7070422.jpg', NULL, NULL, NULL, NULL),
(2, 'yogesh5433@gmail.com', 'pass', 'yogesh5433@gmail.com', 'yogy saini', NULL, '1112244422', 't', 1436504586, 1436504586, NULL, '127.0.0.1', NULL, NULL, 'data/files/1437628728_2_41b38cafcsmall.png', 'data/files/1437628728_2_41b38cafc.png', 'm', 677134980, NULL, NULL),
(3, 'ysaini75@gmail.com', 'pass', 'ysaini75@gmail.com', 'Rohit', NULL, '1245124512', 's', 1436506639, 1436506639, NULL, '127.0.0.1', NULL, NULL, 'photo/human1.png', NULL, NULL, NULL, NULL, NULL),
(4, 'a@a.com', 'pass', 'a@a.com', 'Yam hel', NULL, '1122445577', 't', 1437560409, 1437560409, NULL, '127.0.0.1', NULL, NULL, 'photo/human1.png', NULL, 'm', 1436437200, NULL, NULL),
(5, 'b@b.com', 'pass', 'mam@mail.com', 'asd asd', NULL, '1231231231', 't', 1437635393, 1437635393, NULL, '127.0.0.1', NULL, NULL, 'photo/human1.png', NULL, 'm', 1436252940, NULL, NULL),
(6, 'c@c.com', 'pass', 'c@c.com', 'Bunny Sunny', NULL, '1112223334', 't', 1437722809, 1437722809, NULL, '127.0.0.1', NULL, NULL, 'photo/human1.png', NULL, 'm', 1435821960, NULL, NULL),
(7, 'd@d.com', 'pass', 'd@d.com', 'Bunny Sunny', NULL, '1112223334', 't', 1437722913, 1437722913, NULL, '127.0.0.1', NULL, NULL, 'photo/human1.png', NULL, 'm', 774170880, NULL, NULL),
(8, 'abc@sss.com', 'pass', 'abc@sss.com', 'rohit', NULL, '1112223334', 's', 1437989485, 1437989485, NULL, '127.0.0.1', NULL, NULL, 'photo/human1.png', NULL, NULL, NULL, NULL, NULL),
(9, 'abc@ssss.com', 'pass', 'abc@ssss.com', 'rohit', NULL, '1112223334', 's', 1437989591, 1437989591, NULL, '127.0.0.1', NULL, NULL, 'photo/human1.png', NULL, NULL, NULL, NULL, NULL),
(10, 'abc@ssxs.com', 'pass', 'abc@ssxs.com', 'rohit', NULL, '1112223334', 's', 1437989642, 1437989642, NULL, '127.0.0.1', NULL, NULL, 'photo/human1.png', NULL, NULL, NULL, NULL, NULL),
(11, 'abc@sxxss.com', 'pass', 'abc@sxxss.com', 'rohit', NULL, '1112223334', 's', 1437989697, 1437989697, NULL, '127.0.0.1', NULL, NULL, 'photo/human1.png', NULL, NULL, NULL, NULL, NULL),
(12, 'abc@ssxxxs.com', 'pass', 'abc@ssxxxs.com', 'rohit', NULL, '1112223334', 's', 1437990054, 1437990054, NULL, '127.0.0.1', NULL, NULL, 'photo/human1.png', NULL, NULL, NULL, NULL, NULL),
(13, 'mam@msdfail.com', 's', 'mam@msdfail.com', 'sdf sdf', NULL, '2342342342', 't', 1437993442, 1437993442, NULL, '127.0.0.1', NULL, NULL, 'photo/human1.png', NULL, 'm', 1437475020, NULL, NULL),
(14, 'mam@msdsdail.com', 'aa', 'mam@msdsdail.com', 'asd asd', NULL, '1231231231', 't', 1437993547, 1437993547, NULL, '127.0.0.1', NULL, NULL, 'photo/human1.png', NULL, 'm', 1435747140, NULL, NULL),
(15, 'asd@asd.sfsf', '4', 'asd@asd.sfsf', 'asdasasd', NULL, '4445554445', 's', 1437996327, 1437996327, NULL, '127.0.0.1', NULL, NULL, 'photo/human1.png', NULL, NULL, NULL, NULL, NULL),
(16, 'asd@asd.com', '4', 'asd@asd.com', 'asd asas', NULL, '5554442221', 't', 1437996383, 1437996383, NULL, '127.0.0.1', NULL, NULL, 'photo/human1.png', NULL, 'f', 1436268360, NULL, NULL),
(17, 'asda@asd.as', '4', 'asda@asd.as', 'asda', NULL, '5454545455', 's', 1437996694, 1437996694, NULL, '127.0.0.1', NULL, NULL, 'photo/human1.png', NULL, NULL, NULL, NULL, NULL),
(18, 'asdas@sss.ccc', 'asdas', 'asdas@sss.ccc', 'asdas', NULL, '1231236544', 's', 1438060699, 1438060699, NULL, '127.0.0.1', NULL, NULL, 'photo/human1.png', NULL, NULL, NULL, NULL, NULL),
(19, 'asd@asd.as', 'a', 'asd@asd.as', 'asd asd', NULL, '6565323221', 't', 1438062714, 1438062714, NULL, '127.0.0.1', NULL, NULL, 'photo/human1.png', NULL, 'm', 1435729860, NULL, NULL),
(20, 'mam@masaail.com', 'pass', 'mam@masaail.com', 'Rahul saini', NULL, '9854785487', 't', 1438078327, 1438078327, NULL, '127.0.0.1', NULL, NULL, 'photo/human1.png', NULL, 'm', 678967920, NULL, NULL),
(21, 'asd@as.asda', '444', 'asd@as.asda', 'asdasd', NULL, '5454545421', 's', 1438078844, 1438078844, NULL, '127.0.0.1', NULL, NULL, 'photo/human1.png', NULL, NULL, NULL, NULL, NULL),
(22, 'sada@sdcsd.asd', '4', 'sada@sdcsd.asd', 'sdf', NULL, '5215425452', 's', 1438078934, 1438078934, NULL, '127.0.0.1', NULL, NULL, 'photo/human1.png', NULL, NULL, NULL, NULL, NULL);

-- --------------------------------------------------------

--
-- Table structure for table `user_query`
--

CREATE TABLE IF NOT EXISTS `user_query` (
  `q_id` int(30) NOT NULL AUTO_INCREMENT,
  `user_id` int(11) DEFAULT NULL,
  `name` varchar(50) NOT NULL,
  `phone` varchar(10) NOT NULL,
  `email` varchar(50) NOT NULL,
  `msg` text NOT NULL,
  `resolved` tinyint(1) NOT NULL DEFAULT '0',
  `time` timestamp NOT NULL DEFAULT CURRENT_TIMESTAMP,
  PRIMARY KEY (`q_id`),
  UNIQUE KEY `id` (`q_id`)
) ENGINE=InnoDB  DEFAULT CHARSET=latin1 AUTO_INCREMENT=9 ;

--
-- Dumping data for table `user_query`
--

INSERT INTO `user_query` (`q_id`, `user_id`, `name`, `phone`, `email`, `msg`, `resolved`, `time`) VALUES
(1, 2, 'Yoft', '5485745875', 'sss@mail.com', 'message for\n', 0, '2015-07-14 06:43:17'),
(2, NULL, 'asdasd', '5421542154', 'asd@asdasd.com', 'asdasdasdasdasdadasdasdasjkdaksdlasjdlkajsdl\nasdasdasdasdasdadasdasdasjkdaksdlasjdlkajsdl\nasdasdasdasdasdadasdasdasjkdaksd', 0, '2015-07-23 16:10:04'),
(3, NULL, 'asdasd', '5421542154', 'asd@asdasd.com', 'asdasdasdasdasdadasdasdasjkdaksdlasjdlkajsdl\nasdasdasdasdasdadasdasdasjkdaksdlasjdlkajsdl\nasdasdasdasdasdadasdasdasjkdaksd', 0, '2015-07-23 16:10:19'),
(4, NULL, 'asdasd', '5421542145', 'asd@asdasd.com', 'asdasdasdasdasdadasdasdasjkdaksdlasjdlkajsdl\nasdasdasdasdasdadasdasdasjkdaksdlasjdlkajsdl\nasdasdasdasdasdadasdasdasjkdaksd', 0, '2015-07-23 16:10:37'),
(5, NULL, 'zczxc', '5465546554', 'zxcz@asd.asd', '3', 0, '2015-07-23 16:23:02'),
(6, NULL, 'zczxc', '5465546554', 'zxcz@asd.asd', '3asdadadadasdasdasd3asdadadadasdasdasd3asdadadadasdasdasd3asdadadadasdasdasd3asdadadadasdasdasd3asd', 0, '2015-07-23 16:23:37'),
(7, NULL, 'asdasd', '5874587458', 'asdasd@asd.ada', 'adadadadaadadadadaadadadadaadadadadaadadadadaadadadadaadadadadaadadadadaadadadadaadadadadaadadadada1', 0, '2015-07-23 16:24:23'),
(8, NULL, 'asdasd', '5421542154', 'asdasd@asdas.com', 'someasdasd', 0, '2015-07-20 06:51:15');

/*!40101 SET CHARACTER_SET_CLIENT=@OLD_CHARACTER_SET_CLIENT */;
/*!40101 SET CHARACTER_SET_RESULTS=@OLD_CHARACTER_SET_RESULTS */;
/*!40101 SET COLLATION_CONNECTION=@OLD_COLLATION_CONNECTION */;
